{
  "n": 10,
  "X_max": 100,
  "Y_max": 100,
  "p": 0.6,
  "seed": 42,
  "start": [
    0.0,
    0.0
  ],
  "coords": [
    [
      77.39560485559633,
      43.88784397520523
    ],
    [
      85.85979199113825,
      69.73680290593639
    ],
    [
      9.417734788764953,
      97.5622351636756
    ],
    [
      76.1139701990353,
      78.60643052769538
    ],
    [
      12.811363267554587,
      45.038593789556714
    ],
    [
      37.07980242325812,
      92.67649888486018
    ],
    [
      64.38651200806646,
      82.276161327083
    ],
    [
      44.34141988273311,
      22.723872178477688
    ],
    [
      55.45847870158348,
      6.381725610417533
    ],
    [
      82.7631171992582,
      63.166439912206485
    ]
  ],
  "chains": [
    [
      8,
      6,
      7
    ],
    [
      4,
      6
    ]
  ]
}