{
  "n": 50,
  "X_max": 100.0,
  "Y_max": 100.0,
  "p": 0.4,
  "seed": 42,
  "start": [
    0.0,
    0.0
  ],
  "coords": [
    [
      77.39560485559633,
      43.88784397520523
    ],
    [
      85.85979199113825,
      69.73680290593639
    ],
    [
      9.417734788764953,
      97.5622351636756
    ],
    [
      76.1139701990353,
      78.60643052769538
    ],
    [
      12.811363267554587,
      45.038593789556714
    ],
    [
      37.07980242325812,
      92.67649888486018
    ],
    [
      64.38651200806646,
      82.276161327083
    ],
    [
      44.34141988273311,
      22.723872178477688
    ],
    [
      55.45847870158348,
      6.381725610417533
    ],
    [
      82.7631171992582,
      63.166439912206485
    ],
    [
      75.80877400853738,
      35.45259681298683
    ],
    [
      97.06980243949033,
      89.31211213221977
    ],
    [
      77.83834970737618,
      19.463870785196757
    ],
    [
      46.67210037270342,
      4.380376578722878
    ],
    [
      15.428949206754783,
      68.30489532424546
    ],
    [
      74.47621559078172,
      96.750973243421
    ],
    [
      32.58253581381519,
      37.045970603486886
    ],
    [
      46.95558112758079,
      18.94713590842857
    ],
    [
      12.992150533547164,
      47.57049262259338
    ],
    [
      22.69093490508841,
      66.98139946825104
    ],
    [
      43.715191887233075,
      83.26781960578374
    ],
    [
      70.0265102002249,
      31.236664138204105
    ],
    [
      83.2259801395201,
      80.47643574968019
    ],
    [
      38.74783790301745,
      28.83281039302441
    ],
    [
      68.24955039749754,
      13.97524836093098
    ],
    [
      19.990820247510833,
      0.7362269751005512
    ],
    [
      78.69243775021384,
      66.48508565920321
    ],
    [
      70.51653786263351,
      78.07290310219679
    ],
    [
      45.891577553834,
      56.87411959528937
    ],
    [
      13.979699812765745,
      11.453007353597345
    ],
    [
      66.84029617904716,
      47.10962061431325
    ],
    [
      56.52361064811888,
      76.49988574160255
    ],
    [
      63.47183200005908,
      55.35794006579958
    ],
    [
      55.92071607454135,
      30.39500980626122
    ],
    [
      3.0817834567939406,
      43.671738923236234
    ],
    [
      21.45846728195292,
      40.852864372463614
    ],
    [
      85.34030732681661,
      23.393948586534073
    ],
    [
      5.830274168906602,
      28.138389202199654
    ],
    [
      29.35937577666836,
      66.1916514726895
    ],
    [
      55.70321523412783,
      78.38982091064135
    ],
    [
      66.43135403273875,
      40.63868614400705
    ],
    [
      81.40203846660347,
      16.697291990770392
    ],
    [
      2.2712073133860478,
      9.004786077564175
    ],
    [
      72.23593505964503,
      46.18772302513874
    ],
    [
      16.127177903360177,
      50.10447751033635
    ],
    [
      15.231210271316842,
      69.6320375077736
    ],
    [
      44.61562755740307,
      38.10212260964825
    ],
    [
      30.151208914787652,
      63.028259311888846
    ],
    [
      36.18126105533904,
      8.7649919316101
    ],
    [
      11.800590212051532,
      96.18976645495145
    ]
  ],
  "chains": [
    [
      26,
      24,
      20,
      12
    ],
    [
      5,
      46
    ],
    [
      27,
      10,
      30
    ],
    [
      17,
      32
    ],
    [
      22,
      13,
      4,
      40
    ],
    [
      39,
      11,
      25
    ],
    [
      36,
      1
    ]
  ]
}