{
  "n": 30,
  "X_max": 100.0,
  "Y_max": 100.0,
  "p": 0.4,
  "seed": 42,
  "start": [
    0.0,
    0.0
  ],
  "coords": [
    [
      77.39560485559633,
      43.88784397520523
    ],
    [
      85.85979199113825,
      69.73680290593639
    ],
    [
      9.417734788764953,
      97.5622351636756
    ],
    [
      76.1139701990353,
      78.60643052769538
    ],
    [
      12.811363267554587,
      45.038593789556714
    ],
    [
      37.07980242325812,
      92.67649888486018
    ],
    [
      64.38651200806646,
      82.276161327083
    ],
    [
      44.34141988273311,
      22.723872178477688
    ],
    [
      55.45847870158348,
      6.381725610417533
    ],
    [
      82.7631171992582,
      63.166439912206485
    ],
    [
      75.80877400853738,
      35.45259681298683
    ],
    [
      97.06980243949033,
      89.31211213221977
    ],
    [
      77.83834970737618,
      19.463870785196757
    ],
    [
      46.67210037270342,
      4.380376578722878
    ],
    [
      15.428949206754783,
      68.30489532424546
    ],
    [
      74.47621559078172,
      96.750973243421
    ],
    [
      32.58253581381519,
      37.045970603486886
    ],
    [
      46.95558112758079,
      18.94713590842857
    ],
    [
      12.992150533547164,
      47.57049262259338
    ],
    [
      22.69093490508841,
      66.98139946825104
    ],
    [
      43.715191887233075,
      83.26781960578374
    ],
    [
      70.0265102002249,
      31.236664138204105
    ],
    [
      83.2259801395201,
      80.47643574968019
    ],
    [
      38.74783790301745,
      28.83281039302441
    ],
    [
      68.24955039749754,
      13.97524836093098
    ],
    [
      19.990820247510833,
      0.7362269751005512
    ],
    [
      78.69243775021384,
      66.48508565920321
    ],
    [
      70.51653786263351,
      78.07290310219679
    ],
    [
      45.891577553834,
      56.87411959528937
    ],
    [
      13.979699812765745,
      11.453007353597345
    ]
  ],
  "chains": [
    [
      20,
      15,
      11,
      27
    ],
    [
      23,
      7,
      6
    ],
    [
      13,
      12
    ],
    [
      16,
      10
    ]
  ]
}